Workbook

Sheet Portada
A1: Professional QA Test Cases Matrix – RiderFit / FitBot
A4: Proyecto | B4: RiderFit – Precision E-commerce for Equestrian Gear
A5: Simulación | B5: No Country – simulación laboral sobre proyectos reales
A6: Repositorio | B6: S02-26-Equipo12-WebAppDevelopment
A7: Rol | B7: Quality Assurance (QA)
A8: Metodología | B8: Scrum + GitHub Sprint + Gitflow
A9: Base del documento | B9: Informe QA profesional, README, Issues, PR Reviews y validaciones funcionales
A10: Objetivo | B10: Matriz profesional de casos de prueba lista para seguimiento interno y adaptación a importación en TestRail
A11: Fecha de preparación | B11: 2026-03-06
A14: Resumen de cobertura | D14: Notas de uso
A15: Total de casos | B15: =COUNTA(Casos_Prueba!A2:A26) | D15: • Hoja 'Casos_Prueba': matriz maestra editable para gestión QA.
A16: Casos Alta prioridad | B16: =COUNTIF(Casos_Prueba!H2:H26,"Alta") | D16: • Hoja 'TestRail_Import': columnas normalizadas para copiar/exportar a CSV e importar en TestRail.
A17: Casos Crítica prioridad | B17: =COUNTIF(Casos_Prueba!H2:H26,"Crítica") | D17: • Las columnas Q, R y S permiten trazabilidad por estado, owner y sprint.
A18: Casos tipo API | B18: =COUNTIF(Casos_Prueba!N2:N26,"API") | D18: • Los campos 'References' conectan el caso con README, issue, PR o módulo validado.
A19: Casos tipo UI | B19: =COUNTIF(Casos_Prueba!N2:N26,"UI") | D19: • Las prioridades siguen criterio QA senior: Crítica, Alta, Media, Baja.
A20: Casos Integración | B20: =COUNTIF(Casos_Prueba!G2:G26,"Integración")
A21: Casos Seguridad | B21: =COUNTIF(Casos_Prueba!N2:N26,"Security")
A22: Casos listos para TestRail | B22: =COUNTIF(Casos_Prueba!Q2:Q26,"Ready")
A24: Trazabilidad recomendada
A25: Issue → Pull Request → Caso de Prueba → Evidencia → Estado en TestRail
A26: Este workbook está diseñado para mantener continuidad con reportes QA senior y facilitar migración a TestRail.

Sheet Casos_Prueba
A1: Case ID | B1: Suite | C1: Section | D1: Feature / Module | E1: Test Title | F1: Objective | G1: Type | H1: Priority | I1: Preconditions | J1: Test Data | K1: Steps | L1: Expected Result | M1: TestRail Template | N1: TestRail Type | O1: TestRail Priority | P1: References | Q1: Design Status | R1: Owner | S1: Sprint | T1: Notes
A2: RF-QA-001 | B2: RiderFit Core | C2: Auth | D2: Backend/API - Auth Login JWT | E2: Login válido devuelve JWT y datos básicos del usuario | F2: Validar autenticación exitosa contra el endpoint de login. | G2: Funcional | H2: Crítica | I2: Usuario existente y endpoint de auth operativo. | J2: email válido / password válida | K2: 1. Enviar POST /auth/login. 2. Verificar código HTTP. 3. Validar body de respuesta. 4. Confirmar presencia de token. | L2: HTTP 200. Respuesta incluye JWT, datos básicos del usuario y estructura JSON consistente. | M2: Test Case (Steps) | N2: API | O2: Critical | P2: Issue #22 / PR #45 / Swagger Auth | Q2: Ready | R2: Alejandro | S2: Sprint QA | T2: Caso clave de acceso al sistema
A3: RF-QA-002 | B3: RiderFit Core | C3: Auth | D3: Frontend/UI - Login | E3: Validación visual de campos obligatorios en pantalla de login | F3: Validar mensajes y estados visuales cuando faltan credenciales. | G3: Funcional | H3: Alta | I3: Pantalla de login disponible en frontend. | J3: email vacío / password vacía | K3: 1. Abrir formulario login. 2. Intentar enviar sin datos. 3. Probar email inválido. 4. Revisar estados visuales. | L3: El formulario bloquea envío, muestra validaciones y resalta campos con error. | M3: Test Case (Steps) | N3: UI | O3: High | P3: Issue #16 / PR #45 | Q3: Ready | R3: Alejandro | S3: Sprint QA | T3: Alineado con criterios de UX y acceso
A4: RF-QA-003 | B4: RiderFit Core | C4: Auth | D4: Frontend/Integración - Auth & Seguridad | E4: Persistencia de JWT en sesión y acceso a rutas privadas | F4: Verificar persistencia del token y protección de navegación autenticada. | G4: Integración | H4: Crítica | I4: Login exitoso implementado y middleware/token disponibles. | J4: credenciales válidas | K4: 1. Iniciar sesión. 2. Navegar a ruta privada. 3. Refrescar navegador. 4. Validar mantenimiento de sesión. | L4: La sesión persiste según diseño y solo usuarios autenticados acceden a rutas privadas. | M4: Test Case (Steps) | N4: Functional | O4: Critical | P4: Issue #20 / Issue #27 / PR #45 | Q4: Ready | R4: Alejandro | S4: Sprint QA | T4: Considerar storage/token refresh según implementación
A5: RF-QA-004 | B5: RiderFit Core | C5: Seguridad | D5: Backend/API - Middleware de tokens | E5: Rechazo de acceso sin token o con token inválido | F5: Validar protección de endpoints privados. | G5: Seguridad | H5: Crítica | I5: Endpoint protegido disponible. | J5: sin token / token inválido / token expirado | K5: 1. Consumir endpoint privado sin token. 2. Repetir con token inválido. 3. Registrar respuestas. | L5: El backend devuelve error de autorización y no expone datos protegidos. | M5: Test Case (Steps) | N5: Security | O5: Critical | P5: Issue #27 | Q5: Ready | R5: Alejandro | S5: Sprint QA | T5: Cobertura básica de acceso seguro
A6: RF-QA-005 | B6: RiderFit Core | C6: Perfil Rider | D6: Backend/API - CRUD Rider Measurements | E6: Alta de medidas de jinete con datos válidos | F6: Verificar creación correcta de mediciones de jinete. | G6: Funcional | H6: Alta | I6: Rider existente y endpoint POST activo. | J6: height_cm, weight_kg, boot_size_eu válidos | K6: 1. Enviar POST de medidas. 2. Validar código respuesta. 3. Consultar registro creado. 4. Corroborar datos persistidos. | L6: La medición se guarda correctamente y queda asociada al rider correspondiente. | M6: Test Case (Steps) | N6: API | O6: High | P6: Issue #25 / Swagger Riders | Q6: Ready | R6: Alejandro | S6: Sprint QA | T6: Base para perfil físico del rider
A7: RF-QA-006 | B7: RiderFit Core | C7: Perfil Rider | D7: Backend/API - CRUD Rider Measurements | E7: Consulta de medidas de jinete recupera último registro vigente | F7: Verificar recuperación y criterio de medición más reciente. | G7: Funcional | H7: Alta | I7: Existen al menos dos mediciones del mismo rider. | J7: dos registros con measured_at distintos | K7: 1. Registrar dos mediciones. 2. Consultar endpoint GET. 3. Comparar measured_at. 4. Revisar dato devuelto. | L7: El sistema utiliza o expone correctamente la medición más reciente según la regla definida. | M7: Test Case (Steps) | N7: API | O7: High | P7: README QA Guidelines / Issue #25 | Q7: Ready | R7: Alejandro | S7: Sprint QA | T7: Vinculado a integridad del modelo
A8: RF-QA-007 | B8: RiderFit Core | C8: Perfil Rider | D8: Frontend/Integración - Perfil de Medidas | E8: PUT de RiderForm actualiza sin duplicar mediciones | F8: Validar el hallazgo detectado en revisión QA sobre duplicación potencial. | G8: Integración | H8: Crítica | I8: Usuario con medición previa cargada y flujo PUT implementado. | J8: edición de medición existente | K8: 1. Cargar medida actual. 2. Editar desde RiderForm. 3. Ejecutar actualización PUT. 4. Verificar en backend cantidad de registros y valor actualizado. | L8: La actualización modifica el registro esperado o sigue la regla definida sin generar duplicados inconsistentes. | M8: Test Case (Steps) | N8: Regression | O8: Critical | P8: PR #56 / Hallazgo QA | Q8: Ready | R8: Alejandro | S8: Sprint QA | T8: Caso de regresión obligatorio
A9: RF-QA-008 | B9: RiderFit Core | C9: Perfil Rider | D9: Backend/API - Validación de perfil | E9: Rechazo de medidas inválidas o fuera de formato en rider | F9: Validar controles de entrada para evitar datos corruptos. | G9: Negativa | H9: Alta | I9: Middleware de validación de perfil disponible. | J9: campos nulos, string en numeric, unidad errónea | K9: 1. Enviar payload inválido. 2. Revisar códigos HTTP y mensajes. 3. Confirmar no persistencia. | L9: El sistema rechaza la solicitud con mensaje claro y no guarda información inválida. | M9: Test Case (Steps) | N9: API | O9: High | P9: README QA Guidelines / Issue #31 | Q9: Ready | R9: Alejandro | S9: Sprint QA | T9: Aplica a contrato de datos
A10: RF-QA-009 | B10: RiderFit Core | C10: Perfil Horse | D10: Backend/API - CRUD Horse Measurements | E10: Alta de medidas de caballo con datos válidos | F10: Verificar creación correcta de mediciones del caballo. | G10: Funcional | H10: Alta | I10: Horse existente y endpoint POST activo. | J10: chest_cm y demás campos válidos | K10: 1. Enviar POST de medidas de caballo. 2. Verificar HTTP 200/201. 3. Consultar datos persistidos. | L10: La medición queda guardada y asociada al horse correspondiente. | M10: Test Case (Steps) | N10: API | O10: High | P10: Issue #26 / Swagger Horse Measurements | Q10: Ready | R10: Alejandro | S10: Sprint QA | T10: Complementa perfil combinado rider-horse
A11: RF-QA-010 | B11: RiderFit Core | C11: Perfil Horse | D11: Frontend/UI - Horse Form | E11: Validación visual de campos obligatorios en formulario de caballo | F11: Verificar comportamiento de inputs y mensajes al faltar datos. | G11: Funcional | H11: Media | I11: HorseForm disponible en frontend. | J11: campos vacíos / valores no numéricos | K11: 1. Abrir formulario caballo. 2. Intentar guardar sin datos. 3. Ingresar valores inválidos. | L11: El formulario muestra validaciones visuales y evita envío inválido. | M11: Test Case (Steps) | N11: UI | O11: Medium | P11: Issue #15 / PR #60 | Q11: Ready | R11: Alejandro | S11: Sprint QA | T11: Cobertura de experiencia de usuario
A12: RF-QA-011 | B12: RiderFit Core | C12: Perfil Horse | D12: Frontend/Integración - Horse Form | E12: Mapeo dinámico de measurementTypeId sin hardcodear IDs | F12: Validar riesgo identificado por QA en PR HorseForm. | G12: Integración | H12: Alta | I12: Frontend conectado a fuente/mapeo de tipos de medición. | J12: tipos de medición devueltos por API/seed | K12: 1. Revisar carga de tipos de medición. 2. Ejecutar guardado desde HorseForm. 3. Corroborar IDs enviados. 4. Comparar con catálogo vigente. | L12: Los IDs enviados corresponden al catálogo real y no dependen de valores hardcodeados frágiles. | M12: Test Case (Steps) | N12: Regression | O12: High | P12: PR #60 / Hallazgo QA / README model validation | Q12: Ready | R12: Alejandro | S12: Sprint QA | T12: Importante para desacople FE-BE
... A26: RF-QA-025 | B26: RiderFit Core | C26: DoD / Proceso | D26: Proceso QA - Definition of Done | E26: Historia candidata a Done cumple QA cases + integración + sin bugs críticos abiertos | F26: Alinear cierre de historias con Definition of Done del proyecto. | G26: Proceso | H26: Media | I26: Historia desarrollada y review técnica realizada. | J26: resultado de pruebas / bugs abiertos | K26: 1. Revisar historia finalizada. 2. Confirmar ejecución de pruebas. 3. Verificar evidencia. 4. Confirmar ausencia de bugs críticos. | L26: La historia solo avanza a Done si cumple validaciones QA e integración definidas en README/flujo del sprint. | M26: Test Case (Steps) | N26: Other | O26: Medium | P26: README DoD / GitHub Sprint | Q26: Ready | R26: Alejandro | S26: Sprint QA | T26: Refuerza trazabilidad del proceso

Sheet TestRail_Import
A1: Title | B1: Section | C1: Template | D1: Type | E1: Priority | F1: Preconditions | G1: Steps | H1: Expected Result | I1: References | J1: Milestone | K1: Estimate | L1: Automation Type
A2: =Casos_Prueba!E2 | B2: =Casos_Prueba!C2 | C2: =Casos_Prueba!M2 | D2: =Casos_Prueba!N2 | E2: =Casos_Prueba!O2 | F2: =Casos_Prueba!I2 | G2: =Casos_Prueba!K2 | H2: =Casos_Prueba!L2 | I2: =Casos_Prueba!P2 | J2: Sprint QA RiderFit | K2: 15m | L2: Manual
A3: =Casos_Prueba!E3 | B3: =Casos_Prueba!C3 | C3: =Casos_Prueba!M3 | D3: =Casos_Prueba!N3 | E3: =Casos_Prueba!O3 | F3: =Casos_Prueba!I3 | G3: =Casos_Prueba!K3 | H3: =Casos_Prueba!L3 | I3: =Casos_Prueba!P3 | J3: Sprint QA RiderFit | K3: 15m | L3: Manual
A4: =Casos_Prueba!E4 | B4: =Casos_Prueba!C4 | C4: =Casos_Prueba!M4 | D4: =Casos_Prueba!N4 | E4: =Casos_Prueba!O4 | F4: =Casos_Prueba!I4 | G4: =Casos_Prueba!K4 | H4: =Casos_Prueba!L4 | I4: =Casos_Prueba!P4 | J4: Sprint QA RiderFit | K4: 15m | L4: Manual
A5: =Casos_Prueba!E5 | B5: =Casos_Prueba!C5 | C5: =Casos_Prueba!M5 | D5: =Casos_Prueba!N5 | E5: =Casos_Prueba!O5 | F5: =Casos_Prueba!I5 | G5: =Casos_Prueba!K5 | H5: =Casos_Prueba!L5 | I5: =Casos_Prueba!P5 | J5: Sprint QA RiderFit | K5: 15m | L5: Manual
A6: =Casos_Prueba!E6 | B6: =Casos_Prueba!C6 | C6: =Casos_Prueba!M6 | D6: =Casos_Prueba!N6 | E6: =Casos_Prueba!O6 | F6: =Casos_Prueba!I6 | G6: =Casos_Prueba!K6 | H6: =Casos_Prueba!L6 | I6: =Casos_Prueba!P6 | J6: Sprint QA RiderFit | K6: 15m | L6: Manual
A7: =Casos_Prueba!E7 | B7: =Casos_Prueba!C7 | C7: =Casos_Prueba!M7 | D7: =Casos_Prueba!N7 | E7: =Casos_Prueba!O7 | F7: =Casos_Prueba!I7 | G7: =Casos_Prueba!K7 | H7: =Casos_Prueba!L7 | I7: =Casos_Prueba!P7 | J7: Sprint QA RiderFit | K7: 15m | L7: Manual
A8: =Casos_Prueba!E8 | B8: =Casos_Prueba!C8 | C8: =Casos_Prueba!M8 | D8: =Casos_Prueba!N8 | E8: =Casos_Prueba!O8 | F8: =Casos_Prueba!I8 | G8: =Casos_Prueba!K8 | H8: =Casos_Prueba!L8 | I8: =Casos_Prueba!P8 | J8: Sprint QA RiderFit | K8: 15m | L8: Manual
A9: =Casos_Prueba!E9 | B9: =Casos_Prueba!C9 | C9: =Casos_Prueba!M9 | D9: =Casos_Prueba!N9 | E9: =Casos_Prueba!O9 | F9: =Casos_Prueba!I9 | G9: =Casos_Prueba!K9 | H9: =Casos_Prueba!L9 | I9: =Casos_Prueba!P9 | J9: Sprint QA RiderFit | K9: 15m | L9: Manual
A10: =Casos_Prueba!E10 | B10: =Casos_Prueba!C10 | C10: =Casos_Prueba!M10 | D10: =Casos_Prueba!N10 | E10: =Casos_Prueba!O10 | F10: =Casos_Prueba!I10 | G10: =Casos_Prueba!K10 | H10: =Casos_Prueba!L10 | I10: =Casos_Prueba!P10 | J10: Sprint QA RiderFit | K10: 15m | L10: Manual
A11: =Casos_Prueba!E11 | B11: =Casos_Prueba!C11 | C11: =Casos_Prueba!M11 | D11: =Casos_Prueba!N11 | E11: =Casos_Prueba!O11 | F11: =Casos_Prueba!I11 | G11: =Casos_Prueba!K11 | H11: =Casos_Prueba!L11 | I11: =Casos_Prueba!P11 | J11: Sprint QA RiderFit | K11: 15m | L11: Manual
A12: =Casos_Prueba!E12 | B12: =Casos_Prueba!C12 | C12: =Casos_Prueba!M12 | D12: =Casos_Prueba!N12 | E12: =Casos_Prueba!O12 | F12: =Casos_Prueba!I12 | G12: =Casos_Prueba!K12 | H12: =Casos_Prueba!L12 | I12: =Casos_Prueba!P12 | J12: Sprint QA RiderFit | K12: 15m | L12: Manual
A13: =Casos_Prueba!E13 | B13: =Casos_Prueba!C13 | C13: =Casos_Prueba!M13 | D13: =Casos_Prueba!N13 | E13: =Casos_Prueba!O13 | F13: =Casos_Prueba!I13 | G13: =Casos_Prueba!K13 | H13: =Casos_Prueba!L13 | I13: =Casos_Prueba!P13 | J13: Sprint QA RiderFit | K13: 15m | L13: Manual
... A26: =Casos_Prueba!E26 | B26: =Casos_Prueba!C26 | C26: =Casos_Prueba!M26 | D26: =Casos_Prueba!N26 | E26: =Casos_Prueba!O26 | F26: =Casos_Prueba!I26 | G26: =Casos_Prueba!K26 | H26: =Casos_Prueba!L26 | I26: =Casos_Prueba!P26 | J26: Sprint QA RiderFit | K26: 15m | L26: Manual

Sheet Listas
A1: Priority | B1: Type | C1: Design Status | D1: TestRail Type | E1: TestRail Template
A2: Crítica | B2: Funcional | C2: Draft | D2: Functional | E2: Test Case (Steps)
A3: Alta | B3: Integración | C3: Ready | D3: Regression | E3: Exploratory Session
A4: Media | B4: Seguridad | C4: Blocked | D4: API | E4: Checklist
A5: Baja | B5: Negativa | C5: Deprecated | D5: UI
B6: Smoke | D6: Security
B7: Visual | D7: Smoke
B8: Integridad | D8: Documentation
B9: Exploratoria | D9: Exploratory
B10: Proceso | D10: Other
